Symbol,Name
URTH,iShares MSCI World (URTH)
BWX,SPDR Barclays International Trs Bd ETF (BWX)
ITE,SPDR Barclays Intermediate Term Trs ETF (ITE)
TLO,SPDR Barclays Long Term Treasury ETF (TLO)
SST,SPDR Barclays Short Term Treasury ETF (SST)
LWC,SPDR Barclays Long Term Corp Bd ETF (LWC)
TIPX,SPDR Barclays 1-10 Year TIPS ETF (TIPX)
LWC,SPDR Barclays Long Term Corp Bd ETF (LWC)
CWB,SPDR Barclays Convertible Secs ETF (CWB)
SJNK,SPDR Barclays Short Term Hi Yld Bd ETF (SJNK)
JNK,SPDR Barclays High Yield Bond ETF (JNK)
FTEC,Fidelity MSCI Information Tech ETF (FTEC)
GLD,SPDR Gold Trust (GLD)
SPY,SP 500 ETF
DIA,Dow Jones Industrial ETF
XLV,Health Care Select Sector SPDR ETF (XLV)